,id,created_at,text,public_metrics
0,1370525008263573504,2021-03-12T23:59:59.000Z,"RT @elhackernet: Hackean m√°s de 150.000 c√°maras de seguridad de la empresa #Verkada - Accedieron a contenido de EN VIVO de #Tesla, #Cloudfl‚Ä¶","{'retweet_count': 47, 'reply_count': 0, 'like_count': 0, 'quote_count': 0}"
1,1370525001871368195,2021-03-12T23:59:58.000Z,@28delayslater Tesla intimidates the polluters,"{'retweet_count': 0, 'reply_count': 0, 'like_count': 1, 'quote_count': 0}"
2,1370524991868051464,2021-03-12T23:59:55.000Z,@elonmusk when @Tesla will start sell it cars and powerwall in Tunisia,"{'retweet_count': 0, 'reply_count': 0, 'like_count': 0, 'quote_count': 0}"
3,1370524984368594947,2021-03-12T23:59:54.000Z,@elonmusk DENT coin: TDEN Tesla Delivers Endless Nirvana,"{'retweet_count': 0, 'reply_count': 0, 'like_count': 1, 'quote_count': 0}"
4,1370524978249150464,2021-03-12T23:59:52.000Z,@monster_tesla Sevdim bunu üòè,"{'retweet_count': 0, 'reply_count': 1, 'like_count': 0, 'quote_count': 0}"
5,1370524978119118855,2021-03-12T23:59:52.000Z,RT @ijustine: So my car won‚Äôt start but I‚Äôm next to a @Tesla dealership... do I just finally buy one so I can get home? Or what‚Äôs up? Can I‚Ä¶,"{'retweet_count': 192, 'reply_count': 0, 'like_count': 0, 'quote_count': 0}"
6,1370524974625271808,2021-03-12T23:59:51.000Z,RT @ijustine: So my car won‚Äôt start but I‚Äôm next to a @Tesla dealership... do I just finally buy one so I can get home? Or what‚Äôs up? Can I‚Ä¶,"{'retweet_count': 192, 'reply_count': 0, 'like_count': 0, 'quote_count': 0}"
7,1370524971408232453,2021-03-12T23:59:50.000Z,RT @ijustine: ‚ÄúWhat made you finally get a Tesla..?‚Äù https://t.co/oN54HqItot,"{'retweet_count': 50, 'reply_count': 0, 'like_count': 0, 'quote_count': 0}"
8,1370524969973735428,2021-03-12T23:59:50.000Z,$TSLA https://t.co/nnZFs1jZwn,"{'retweet_count': 0, 'reply_count': 0, 'like_count': 1, 'quote_count': 0}"
9,1370524966173691905,2021-03-12T23:59:49.000Z,RT @Tesla: Model 3 earns Top Safety+ award from IIHS for third year in a row https://t.co/rr0QtV20al,"{'retweet_count': 2840, 'reply_count': 0, 'like_count': 0, 'quote_count': 0}"
10,1370524950222737410,2021-03-12T23:59:45.000Z,"Breaking:

Tesla is (finally) ditching radar and going 100% cameras-only with Autopilot starting in April.

This is the correct and only way to approach machine learning to solve autonomy. Radar, LIDAR, etc are not needed. 

Go Tesla! ‚ú®ü§ó https://t.co/KAIrpPatAv","{'retweet_count': 1, 'reply_count': 0, 'like_count': 10, 'quote_count': 0}"
11,1370524946921832449,2021-03-12T23:59:45.000Z,@elonmusk serious question. I buy #tesla car and I live at apartment complex. I get home no charging stations available. It‚Äôs not like I go and charge up in 2 minutes to get to work. Do I call my boss and say I can‚Äôt come in?,"{'retweet_count': 0, 'reply_count': 0, 'like_count': 0, 'quote_count': 0}"
12,1370524939703484417,2021-03-12T23:59:43.000Z,"RT @TilmanWinkler: Isn‚Äôt it funny that all the stuff $TSLAQ claims about Tesla actually happens at other companies?
Is it possible that GM‚Ä¶","{'retweet_count': 10, 'reply_count': 0, 'like_count': 0, 'quote_count': 0}"
13,1370524938877079553,2021-03-12T23:59:43.000Z,"Great post detailing what happened to $GOEV today with that massive drop. 
Tl;dr: call volume went insane, algo kicked in, calls got cheaper so shorts could get out (not all did though). Commencing moon week
https://t.co/D4jVBBbvHA

#goev #canoo #investing #invest #EV #TSLA #CCIV","{'retweet_count': 0, 'reply_count': 0, 'like_count': 2, 'quote_count': 0}"
14,1370524935207198721,2021-03-12T23:59:42.000Z,"RT @elonmusk: Availability varies by region due to regulatory approval delays and/or Tesla internal development &amp; testing. 

Note: word ‚ÄúBe‚Ä¶","{'retweet_count': 1264, 'reply_count': 0, 'like_count': 0, 'quote_count': 0}"
15,1370524928957554688,2021-03-12T23:59:40.000Z,"Trucks
Tesla EV from grid 
vs
NET on F Fuel?

EV G VB/NET FF=(455+50)/273 x 18.62/16.85=2.044x more CO2 for EV.

At 197 they are equal.  

With Natural Gas (FF) at 184, grid =115 is break even.  

455-60=395 to drop by 2050.  
115-60=55. 
55/395=0.1392 x 30y=4.176
2050-4.176=2046","{'retweet_count': 0, 'reply_count': 1, 'like_count': 0, 'quote_count': 0}"
16,1370524916920037376,2021-03-12T23:59:37.000Z,"RT @AlCocan: 2/2 These ‚Äújournalists‚Äù are constantly attacking @Tesla &amp; @elonmusk ! Some names that came to mind: Charlie, Russ, Lora, Linet‚Ä¶","{'retweet_count': 3, 'reply_count': 0, 'like_count': 0, 'quote_count': 0}"
17,1370524910775336963,2021-03-12T23:59:36.000Z,A future #Tesla #Supercharger site in Alaska has been identified due to a permit pull https://t.co/KnUYdHvPC4 https://t.co/J5xwc7wAxD,"{'retweet_count': 1, 'reply_count': 1, 'like_count': 23, 'quote_count': 0}"
18,1370524884825169934,2021-03-12T23:59:30.000Z,"@GUNMTLM3 @Tesla @elonmusk This is horrible, but it happens more often with ICE engines than with electric ones. Didn‚Äôt you have a fire insurance???","{'retweet_count': 0, 'reply_count': 0, 'like_count': 0, 'quote_count': 0}"
19,1370524883139055618,2021-03-12T23:59:29.000Z,"RT @AlCocan: $TSLA attacks have been going on for years, they are called $TSLAQ, they tried everything from bribing Tesla workers to stop t‚Ä¶","{'retweet_count': 12, 'reply_count': 0, 'like_count': 0, 'quote_count': 0}"
20,1370524879976460289,2021-03-12T23:59:29.000Z,"@lorakolodny @CNBCtech This is why @Tesla have recently announced the massive increase in jobs in NY and released the beta more widely, they want to get ahead of regulators to they can recognise the deferred revenue and cry foul when forced to switch it off. Elon knew this was coming $TSLA #FRAUD","{'retweet_count': 0, 'reply_count': 0, 'like_count': 1, 'quote_count': 0}"
21,1370524870514245633,2021-03-12T23:59:26.000Z,"RT @elonmusk: If you want the Tesla Full Self-Driving Beta downloaded to your car, let us know. Doubling beta program size now with 8.2 &amp; p‚Ä¶","{'retweet_count': 6899, 'reply_count': 0, 'like_count': 0, 'quote_count': 0}"
22,1370524862884765699,2021-03-12T23:59:25.000Z,"Detroit is the Motor City, and our autos reporters really bring it with their coverage. @jlareauan with a smart piece on how Detroit's Big 3 automakers may have exposed Tesla's weakness: https://t.co/qVePFb8EbL 7/","{'retweet_count': 0, 'reply_count': 1, 'like_count': 3, 'quote_count': 0}"
23,1370524850993786882,2021-03-12T23:59:22.000Z,"RT @CatioroReflexiv: UFC canino cheio de muito amor! üíô

‚ÄúNenhum cachorro se feriu para a realiza√ß√£o deste filme‚Äù

Tesla e Cida s√£o irm√£s de‚Ä¶","{'retweet_count': 16, 'reply_count': 0, 'like_count': 0, 'quote_count': 0}"
24,1370524828227174400,2021-03-12T23:59:16.000Z,"RT @BTC_Archive: Tesla paid $1.5b for its #Bitcoin 
Now it‚Äôs worth $2.58b. 

$1.08b profit so far.","{'retweet_count': 505, 'reply_count': 0, 'like_count': 0, 'quote_count': 0}"
25,1370524825438060545,2021-03-12T23:59:16.000Z,RT @nypost: Machine catches fire at Tesla factory in California https://t.co/utOmE1rUJg https://t.co/gYksGv3Mx7,"{'retweet_count': 9, 'reply_count': 0, 'like_count': 0, 'quote_count': 0}"
26,1370524802507698177,2021-03-12T23:59:10.000Z,"RT @Verox_AICrypto: What if you could trade crypto and derivatives like Gold, Amazon, Apple and Tesla completely decentralized?!

We're thr‚Ä¶","{'retweet_count': 2535, 'reply_count': 0, 'like_count': 0, 'quote_count': 0}"
27,1370524782219911168,2021-03-12T23:59:05.000Z,"RT @Verox_AICrypto: What if you could trade crypto and derivatives like Gold, Amazon, Apple and Tesla completely decentralized?!

We're thr‚Ä¶","{'retweet_count': 2535, 'reply_count': 0, 'like_count': 0, 'quote_count': 0}"
28,1370524774863093764,2021-03-12T23:59:04.000Z,"So what happened to the ‚Äúbutton‚Äù?  How do you revoke something people paid for, in many cases, years ago?  FSD will be the end of Tesla at this rate. https://t.co/bTiYQnZJ90","{'retweet_count': 0, 'reply_count': 1, 'like_count': 1, 'quote_count': 0}"
29,1370524767225282560,2021-03-12T23:59:02.000Z,"RT @LordPente: @elonmusk ""we‚Äôve also revoked beta where drivers did not pay sufficient attention to the road.""

This.  This right here.  Th‚Ä¶","{'retweet_count': 18, 'reply_count': 0, 'like_count': 0, 'quote_count': 0}"
30,1370524765782347776,2021-03-12T23:59:01.000Z,"RT @stephenLweiss: as a former practicing attorney, the SEC wouldn't sue $TSLA since they have an agreement in place and would just enforce‚Ä¶","{'retweet_count': 95, 'reply_count': 0, 'like_count': 0, 'quote_count': 0}"
31,1370524763244822528,2021-03-12T23:59:01.000Z,RT @SilkLifeMedSpa: $TRCH scaled more than enough.... holding this block to see what @Metamaterialtec has up its sleeves!... manage your ow‚Ä¶,"{'retweet_count': 6, 'reply_count': 0, 'like_count': 0, 'quote_count': 0}"
32,1370524749881741313,2021-03-12T23:58:58.000Z,RT @tonygeraci: $TSLA @SawyerMerritt https://t.co/jD36zamBXE,"{'retweet_count': 1, 'reply_count': 0, 'like_count': 0, 'quote_count': 0}"
33,1370524748258623491,2021-03-12T23:58:57.000Z,tesla pill got me stickinggg https://t.co/CCg50vSuRy,"{'retweet_count': 0, 'reply_count': 0, 'like_count': 3, 'quote_count': 0}"
34,1370524744580227077,2021-03-12T23:58:56.000Z,"RT @KingCardano: First $1,200 Stimulus Invested Into The Following = This Today:

 $ADA $44,800
#GME $44,288
$ETH $14,400
$BTC $9,493
#AMC‚Ä¶","{'retweet_count': 101, 'reply_count': 0, 'like_count': 0, 'quote_count': 0}"
35,1370524729929515012,2021-03-12T23:58:53.000Z,@Kristennetten @nickwhoward @thewarontesla @elonmusk @Tesla The war on k10 buttons,"{'retweet_count': 0, 'reply_count': 1, 'like_count': 4, 'quote_count': 0}"
36,1370524727052230661,2021-03-12T23:58:52.000Z,"üö® @energywebx &amp; @Tesla üö®

Check @ja_morris  answer on the tesla call @Brad_Laurie  üëÄ

https://t.co/4ajpgSS0o9

üî¥""The flex toolkit is being built to spec for @Tesla powerwalls and other Tesla energy storage systems"" üî¥

So you telling me that, @Tesla  can us our tech ? üëÄ","{'retweet_count': 12, 'reply_count': 1, 'like_count': 36, 'quote_count': 2}"
37,1370524723847774209,2021-03-12T23:58:51.000Z,"RT @elonmusk: Availability varies by region due to regulatory approval delays and/or Tesla internal development &amp; testing. 

Note: word ‚ÄúBe‚Ä¶","{'retweet_count': 1264, 'reply_count': 0, 'like_count': 0, 'quote_count': 0}"
38,1370524721939427328,2021-03-12T23:58:51.000Z,RT @DreamClothingHQ: @ConnorEatsPants @Nihaachu Hey Connor! Thanks for making that emergency open heart surgery on my turtle Daphne and the‚Ä¶,"{'retweet_count': 3, 'reply_count': 0, 'like_count': 0, 'quote_count': 0}"
39,1370524715689840640,2021-03-12T23:58:49.000Z,"RT @elonmusk: If you want the Tesla Full Self-Driving Beta downloaded to your car, let us know. Doubling beta program size now with 8.2 &amp; p‚Ä¶","{'retweet_count': 6899, 'reply_count': 0, 'like_count': 0, 'quote_count': 0}"
40,1370524705950724097,2021-03-12T23:58:47.000Z,"@SpinelessModer1 @elonmusk Driver Facing Camera monitors where drivers are looking. It would detect if a Beta User was looking down at, for example, a phone or laptop for significant amounts of time. Definitely dangerous to do as a beta tester. #Tesla","{'retweet_count': 30, 'reply_count': 22, 'like_count': 916, 'quote_count': 3}"
41,1370524698992345093,2021-03-12T23:58:46.000Z,"üö®Let‚Äôs SPIN the #Webull Wheel  üåü 1000 SHARES OF GOOG HAVE BEEN ADDED! üíô 

$gme $amc $doge $btc $nio $ocgn $innd $rkt #Pennystocks #StocksToBuy $gteh $wdlf $nnvc $cciv $ctrm $hcmc $wdlf $dpls $fsr $zom $rkt $aabb $sos $pltr $wkhs $kmph $tsla $asti $vacq

https://t.co/l8JXxX6Ytf","{'retweet_count': 0, 'reply_count': 0, 'like_count': 0, 'quote_count': 0}"
42,1370524691505422337,2021-03-12T23:58:44.000Z,"Tesla appears to be delivering MORE cars at the moment than previously expected.

$Tsla https://t.co/J2DP4GNGka","{'retweet_count': 0, 'reply_count': 0, 'like_count': 2, 'quote_count': 0}"
43,1370524685558026241,2021-03-12T23:58:42.000Z,"Elon mask 
ÿ®ÿØÿ£ ŸäÿπÿßŸÖŸÑ ÿßŸÑÿπÿ±ÿ®Ÿäÿßÿ™ ÿßŸÑ tesla ŸÖÿπÿßŸÖŸÑÿ© ÿßŸÑŸÖŸàÿ®ÿßŸäŸÑ Ÿàÿ®ŸäŸÜÿ≤ŸÑŸáÿß ÿßÿ®ŸÑŸäŸÉŸäÿ¥ŸÜ self drive ÿßŸáŸà üòÇüòÇ","{'retweet_count': 0, 'reply_count': 1, 'like_count': 3, 'quote_count': 0}"
44,1370524681942405120,2021-03-12T23:58:41.000Z,@ijustine @Tesla @elonmusk Yes do it you won't regret it Tesla is the Apple of cars you love it as much of not more than your Iphone,"{'retweet_count': 0, 'reply_count': 0, 'like_count': 14, 'quote_count': 0}"
45,1370524679895670784,2021-03-12T23:58:41.000Z,"üö®Let‚Äôs SPIN the #Webull Wheel  üåü 1000 SHARES OF GOOG HAVE BEEN ADDED! üíô 

$gme $amc $doge $btc $nio $ocgn $innd $rkt #Pennystocks #StocksToBuy $gteh $wdlf $nnvc $cciv $ctrm $hcmc $wdlf $dpls $fsr $zom $rkt $aabb $sos $pltr $wkhs $kmph $tsla $asti $vacq

https://t.co/p3U3g9KcrH","{'retweet_count': 0, 'reply_count': 0, 'like_count': 0, 'quote_count': 0}"
46,1370524677190340610,2021-03-12T23:58:40.000Z,"@elonmusk @Tesla @AustinTeslaClub Hola @elonmusk ,disculpa la molestia  pero tengo una duda que no encuentro respuesta en Internet, pero se puede comprar con #Doge un @AustinTeslaClub","{'retweet_count': 0, 'reply_count': 0, 'like_count': 0, 'quote_count': 0}"
47,1370524675227406338,2021-03-12T23:58:40.000Z,RT @ijustine: So my car won‚Äôt start but I‚Äôm next to a @Tesla dealership... do I just finally buy one so I can get home? Or what‚Äôs up? Can I‚Ä¶,"{'retweet_count': 192, 'reply_count': 0, 'like_count': 0, 'quote_count': 0}"
48,1370524669086998533,2021-03-12T23:58:38.000Z,"RT @itsALLrisky: @elonmusk Hi Elon, I saw a report that Coinbase was used for the Tesla BTC purchase (nice entry btw)

Do you think Coinbas‚Ä¶","{'retweet_count': 715, 'reply_count': 0, 'like_count': 0, 'quote_count': 0}"
49,1370524662153805824,2021-03-12T23:58:37.000Z,RT @SilkLifeMedSpa: $TRCH scaled more than enough.... holding this block to see what @Metamaterialtec has up its sleeves!... manage your ow‚Ä¶,"{'retweet_count': 6, 'reply_count': 0, 'like_count': 0, 'quote_count': 0}"
50,1370524660123758593,2021-03-12T23:58:36.000Z,"RT @elonmusk: If you want the Tesla Full Self-Driving Beta downloaded to your car, let us know. Doubling beta program size now with 8.2 &amp; p‚Ä¶","{'retweet_count': 6899, 'reply_count': 0, 'like_count': 0, 'quote_count': 0}"
51,1370524658492186629,2021-03-12T23:58:36.000Z,"üö®Let‚Äôs SPIN the #Webull Wheel  üåü 1000 SHARES OF GOOG HAVE BEEN ADDED! üíô 

$gme $amc $doge $btc $nio $ocgn $innd $rkt #Pennystocks #StocksToBuy $gteh $wdlf $nnvc $cciv $ctrm $hcmc $wdlf $dpls $fsr $zom $rkt $aabb $sos $pltr $wkhs $kmph $tsla $asti $vacq

https://t.co/WV1tMyDYgM","{'retweet_count': 0, 'reply_count': 0, 'like_count': 0, 'quote_count': 0}"
52,1370524658177560578,2021-03-12T23:58:36.000Z,@GUNMTLM3 @Tesla @elonmusk @Thompson45T,"{'retweet_count': 0, 'reply_count': 0, 'like_count': 0, 'quote_count': 0}"
53,1370524658160766976,2021-03-12T23:58:36.000Z,@chi_sportsfan85 @1776_brad He didn't trash Tesla. He just made a contrasting statement. He didn't mention neither good or bad.,"{'retweet_count': 0, 'reply_count': 0, 'like_count': 3, 'quote_count': 0}"
54,1370524645942829057,2021-03-12T23:58:33.000Z,"RT @StanphylCap: ""we‚Äôve also revoked beta where drivers did not pay sufficient attention""

LOL, HOW WOULD THEY KNOW???

THAT'S TOTAL REGULA‚Ä¶","{'retweet_count': 1, 'reply_count': 0, 'like_count': 0, 'quote_count': 0}"
55,1370524644906737666,2021-03-12T23:58:33.000Z,"RT @ohvtwin: @May_Roma „Åì„Çå„ÅåTesla„ÅÆË®≠Ë®àËÉΩÂäõ„Åß„Åô„ÄÇ

https://t.co/WXjOoa1HKY

„É°„É´„Çª„Éá„Çπ„Å®„ÅãVW/AUDI„ÅåÊú¨Ê∞ó„ÅÆEV„ÇíÂá∫„Åó„Å¶Êù•„Åü„Çâ„ÄÅTesla„ÅØ„Å†„Çì„Å†„ÇìËøΩ„ÅÑËæº„Åæ„Çå„Å¶Ë°å„ÅèÂèØËÉΩÊÄß„ÅåÈ´ò„ÅÑ„Å®Ë¶ã„Å¶„ÅÑ„Åæ„Åô„ÄÇ","{'retweet_count': 32, 'reply_count': 0, 'like_count': 0, 'quote_count': 0}"
56,1370524639936544772,2021-03-12T23:58:31.000Z,@elonmusk Give me a Tesla I will buy doge üòÇ,"{'retweet_count': 0, 'reply_count': 0, 'like_count': 0, 'quote_count': 0}"
57,1370524632802017294,2021-03-12T23:58:30.000Z,"RT @elonmusk: Availability varies by region due to regulatory approval delays and/or Tesla internal development &amp; testing. 

Note: word ‚ÄúBe‚Ä¶","{'retweet_count': 1264, 'reply_count': 0, 'like_count': 0, 'quote_count': 0}"
58,1370524631874949121,2021-03-12T23:58:30.000Z,"@ichigotalks @Tesla beneran bang heran saya juga

ada ni sarapan dari Twitter üòÜüòÜ https://t.co/PRyjKqTUxt","{'retweet_count': 0, 'reply_count': 0, 'like_count': 1, 'quote_count': 0}"
59,1370524628116926466,2021-03-12T23:58:29.000Z,"@antonio07802754 @menysvb @JesusRCuevas Deja de decir imbecilidades, tesla s√≥lo es uno de todas las marcas que ya est√°n cambiando a autos el√©ctricos.","{'retweet_count': 0, 'reply_count': 1, 'like_count': 0, 'quote_count': 0}"
60,1370524617971019780,2021-03-12T23:58:26.000Z,"RT @TeslaClubSoFla: Attention South Florida:

We're hosting our first Drive Electric Earth Day event on April 18th, 2021. We have secured t‚Ä¶","{'retweet_count': 5, 'reply_count': 0, 'like_count': 0, 'quote_count': 0}"
61,1370524615878049793,2021-03-12T23:58:26.000Z,"RT @unchained_ninja: üò± I'm sorry @elonmusk, I had to $PAINT it! I always thought you're the $DOGE guy, but seems you're more ""into"" #cats‚Ä¶","{'retweet_count': 43, 'reply_count': 0, 'like_count': 0, 'quote_count': 0}"
62,1370524612627476491,2021-03-12T23:58:25.000Z,Yes. I would like a Tesla. Thank you https://t.co/3zKf5LTDaQ,"{'retweet_count': 0, 'reply_count': 0, 'like_count': 4, 'quote_count': 0}"
63,1370524600954589185,2021-03-12T23:58:22.000Z,@ijustine @Tesla @elonmusk Just drop the coin ü™ô treat yourself,"{'retweet_count': 0, 'reply_count': 0, 'like_count': 0, 'quote_count': 0}"
64,1370524580566106112,2021-03-12T23:58:17.000Z,"RT @TeslaratiTeam: Tesla eyeing its targets and laser-focused on the master plan - always an exciting oneüéØ
https://t.co/8EL0sCLQAc","{'retweet_count': 24, 'reply_count': 0, 'like_count': 0, 'quote_count': 0}"
65,1370524564388675586,2021-03-12T23:58:13.000Z,"Waduh Nasdaq Melorot! Saham Tesla, Facebook dkk Jeblok https://t.co/IsyikAmsjj","{'retweet_count': 0, 'reply_count': 0, 'like_count': 5, 'quote_count': 0}"
66,1370524561922400257,2021-03-12T23:58:13.000Z,"Realistic, $TSLA cars are in the wild with beta software. https://t.co/EZf8LwJdLf","{'retweet_count': 0, 'reply_count': 0, 'like_count': 2, 'quote_count': 0}"
67,1370524532780449793,2021-03-12T23:58:06.000Z,@BoredElonMusk Tesla or Boring on Mars after SpaceX or just X?,"{'retweet_count': 0, 'reply_count': 0, 'like_count': 0, 'quote_count': 0}"
68,1370524525729812482,2021-03-12T23:58:04.000Z,RT @DoctorSpac: $CCIV Lucid Air has the head-up display.....$TSLA's don't have it.,"{'retweet_count': 16, 'reply_count': 0, 'like_count': 0, 'quote_count': 0}"
69,1370524523590733824,2021-03-12T23:58:04.000Z,"@Erdayastronaut April first is gonna get here, you‚Äôre going to wonder why it‚Äôs not repaired yet, then Tesla is gonna say ‚ÄúAPRIL FOOLS‚Äù üòÇ","{'retweet_count': 0, 'reply_count': 0, 'like_count': 2, 'quote_count': 0}"
70,1370524494004113409,2021-03-12T23:57:57.000Z,Tesla Said to Be in Talks With Tata Power for Electric Car Charging:¬†Report https://t.co/YvIwHWaAAm,"{'retweet_count': 0, 'reply_count': 0, 'like_count': 0, 'quote_count': 0}"
71,1370524492158529538,2021-03-12T23:57:56.000Z,@Tesla @cookie_esq @just_tenille,"{'retweet_count': 0, 'reply_count': 0, 'like_count': 0, 'quote_count': 0}"
72,1370524489008709635,2021-03-12T23:57:55.000Z,–ò–Ω–≤–µ—Å—Ç–æ—Ä Tesla –ø–æ–¥–∞–ª –≤ —Å—É–¥ –Ω–∞ –ò–ª–æ–Ω–∞¬†–ú–∞—Å–∫–∞ https://t.co/Wlp5RcHPbF,"{'retweet_count': 0, 'reply_count': 0, 'like_count': 0, 'quote_count': 0}"
73,1370524485363843073,2021-03-12T23:57:55.000Z,"@XenoNanoEntity @Miles_DF NFT and IP aren't related concepts, it's the difference between owning a Tesla Model S and owning the patent on the Tesla Model S. The artist retains the IP, the NFT is just a fancy digital tag a person can buy and trade. Ecological issues are valid tho, I agree.","{'retweet_count': 0, 'reply_count': 1, 'like_count': 1, 'quote_count': 0}"
74,1370524484059418630,2021-03-12T23:57:54.000Z,@StockMKTNewz Tesla. Only TSLA,"{'retweet_count': 0, 'reply_count': 0, 'like_count': 0, 'quote_count': 0}"
75,1370524468414709760,2021-03-12T23:57:51.000Z,"RT @FernandoMalkun: Los sue√±os de Nikola Tesla siempre fueron para mejorar a la humanidad, su escala siempre fue planetaria, su mente no co‚Ä¶","{'retweet_count': 3, 'reply_count': 0, 'like_count': 0, 'quote_count': 0}"
76,1370524454644764677,2021-03-12T23:57:47.000Z,RT @sierralashae: I need Tesla solar panels ..that‚Äôs how I know I‚Äôve made it in life lol,"{'retweet_count': 1, 'reply_count': 0, 'like_count': 0, 'quote_count': 0}"
77,1370524451582926848,2021-03-12T23:57:47.000Z,@AkiraXero @ijustine i haven‚Äôt walked into a store to get my tesla so i don‚Äôt know the process. and if she was even recognized behind the mask. lol,"{'retweet_count': 0, 'reply_count': 1, 'like_count': 0, 'quote_count': 0}"
78,1370524436118581250,2021-03-12T23:57:43.000Z,"@elonmusk ""we‚Äôve also revoked beta where drivers did not pay sufficient attention to the road.""

This.  This right here.  This is how you solve problems.
I am WAY more bullish on $TSLA now.

WAY more.

$TSLA.","{'retweet_count': 18, 'reply_count': 15, 'like_count': 330, 'quote_count': 0}"
79,1370524414488375304,2021-03-12T23:57:38.000Z,RT @Kamada3: „ÉÜ„Çπ„É©„ÅÆÊäïË≥áÂÆ∂„Åå„ÄÅ„Ç§„Éº„É≠„É≥„Éª„Éû„Çπ„ÇØÊ∞è„Å®ÂΩπÂì°„ÇíË®¥„Åà„Åü„Åì„Å®„ÅåÂ†±ÈÅì„Åï„Çå„Å¶„ÅÑ„Åæ„Åô„ÄÇÂëäË®¥„Åô„ÇãÂéüÂõ†„Å®„Å™„Å£„Åü„ÅÆ„ÅØ„Éû„Çπ„ÇØÊ∞è„ÅÆ„ÉÑ„Ç§„Éº„Éà„Åß„Åô„ÄÇ‰∏Ä‰æã„Å®„Åó„Å¶„ÅÇ„Åí„Çâ„Çå„Å¶„ÅÑ„Çã„ÅÆ„ÅØ„ÄÅ„Äå„ÉÜ„Çπ„É©Ê†™„ÅØÂâ≤È´ò„Äç„Å®„ÅÑ„ÅÜ„ÉÑ„Ç§„Éº„Éà„Åß„Åô„ÄÇÊäïË≥áÂÆ∂„ÅØ„ÄÅ„Åì„ÅÆ„ÉÑ„Ç§„Éº„Éà„ÅßÊôÇ‰æ°Á∑èÈ°ç„ÅåÂ§ß„Åç„Åè‰∏ã„Åå„Å£„Åü„ÄÅ„Å®ÂòÜ„ÅÑ„Å¶„ÅÑ„Åæ‚Ä¶,"{'retweet_count': 90, 'reply_count': 0, 'like_count': 0, 'quote_count': 0}"
80,1370524404526968832,2021-03-12T23:57:35.000Z,"@elonmusk How do we get access to beta if we weren‚Äôt on some ‚Äúexclusive pay-to-win list?‚Äù I purchase the beta and want to test it, but I‚Äôm by no means an influencer or belong to the Silicon Valley Tesla Club","{'retweet_count': 0, 'reply_count': 1, 'like_count': 0, 'quote_count': 0}"
81,1370524373921189888,2021-03-12T23:57:28.000Z,RT @Reuters: Tesla Chief Executive Elon Musk has been sued by a shareholder who accused him of violating his 2018 settlement with the U.S.‚Ä¶,"{'retweet_count': 24, 'reply_count': 0, 'like_count': 0, 'quote_count': 0}"
82,1370524361862610947,2021-03-12T23:57:25.000Z,"Top Ten: Weekend reads: The value proposition in the stock market  Also: tips for getting your $1,400 stimulus payment; biotech stocks picks; two IPOs and the next dominant electric-vehicle maker after Tesla.
   
  https://t.co/wLYpP2CfYA https://t.co/mcSDZAexUF","{'retweet_count': 0, 'reply_count': 0, 'like_count': 0, 'quote_count': 0}"
83,1370524350823104512,2021-03-12T23:57:23.000Z,@Daniell10755974 i‚Äôll jus pick you up on my Tesla https://t.co/lv6PXEubwc,"{'retweet_count': 0, 'reply_count': 1, 'like_count': 2, 'quote_count': 0}"
84,1370524344217182209,2021-03-12T23:57:21.000Z,"RT @elonmusk: Availability varies by region due to regulatory approval delays and/or Tesla internal development &amp; testing. 

Note: word ‚ÄúBe‚Ä¶","{'retweet_count': 1264, 'reply_count': 0, 'like_count': 0, 'quote_count': 0}"
85,1370524343659339783,2021-03-12T23:57:21.000Z,@monster_tesla Aslƒ±nda √∂yle bazƒ± ≈üeyleri g√∂r√ºnce kendi d√ºnyamƒ±n beni ne kadar mutlu ettiƒüini daha net g√∂r√ºyorum .,"{'retweet_count': 0, 'reply_count': 1, 'like_count': 0, 'quote_count': 0}"
86,1370524341432020993,2021-03-12T23:57:20.000Z,@IckyWoodz You seen the tesla one?,"{'retweet_count': 0, 'reply_count': 1, 'like_count': 1, 'quote_count': 0}"
87,1370524331592318977,2021-03-12T23:57:18.000Z,"RT @elonmusk: Availability varies by region due to regulatory approval delays and/or Tesla internal development &amp; testing. 

Note: word ‚ÄúBe‚Ä¶","{'retweet_count': 1264, 'reply_count': 0, 'like_count': 0, 'quote_count': 0}"
88,1370524330212347907,2021-03-12T23:57:18.000Z,@JoseWGarcia @elonmusk @Tesla Bleh ü§Æ to that üòÇ,"{'retweet_count': 0, 'reply_count': 0, 'like_count': 1, 'quote_count': 0}"
89,1370524329004429314,2021-03-12T23:57:17.000Z,"@TYAnalysis @business @bloomberglaw @Tesla @elonmusk @Twitter The guy Chase Gharrity owns a blue coffee company, and is involved with other lawsuits. Many failed lawyers go into small business and use their education to sue people to make money and they call it Investment. It‚Äôs a type of fraud that is legal and very hush hush, https://t.co/sN2QdNcUAf","{'retweet_count': 2, 'reply_count': 1, 'like_count': 1, 'quote_count': 0}"
90,1370524327469273088,2021-03-12T23:57:17.000Z,"@elonmusk Tesla is an anagram for ""steal "" make of that what you will","{'retweet_count': 0, 'reply_count': 0, 'like_count': 0, 'quote_count': 0}"
91,1370524322872266753,2021-03-12T23:57:16.000Z,"@sokane1 So for people who had it revoked, how were they caught? Constantly ignoring warnings? Is Tesla reviewing disengagements and flagging problematic ones? Or is this just a handful of people who posted something Extra Dumb on tiktok?","{'retweet_count': 0, 'reply_count': 0, 'like_count': 0, 'quote_count': 0}"
92,1370524320234094603,2021-03-12T23:57:15.000Z,"@TilmanWinkler @CNBC @WholeMarsBlog @skorusARK @TeslaPodcast @elonmusk It‚Äôs 79% (in the US) per the latest Experian data

1Tesla Model 3
2Tesla Model Y
3Chevrolet Bolt EV
4Tesla Model X
5Tesla Model S
6Nissan Leaf
7Audi E-tron
8Porsche Taycan
9Hyundai Kona EV
10Kia Niro EV

https://t.co/1klJHfdSJ7","{'retweet_count': 0, 'reply_count': 0, 'like_count': 11, 'quote_count': 0}"
93,1370524302257254402,2021-03-12T23:57:11.000Z,"RT @elonmusk: Availability varies by region due to regulatory approval delays and/or Tesla internal development &amp; testing. 

Note: word ‚ÄúBe‚Ä¶","{'retweet_count': 1264, 'reply_count': 0, 'like_count': 0, 'quote_count': 0}"
94,1370524300197863427,2021-03-12T23:57:10.000Z,@hmeisler TSLA HOD MONDAY 777,"{'retweet_count': 0, 'reply_count': 0, 'like_count': 0, 'quote_count': 0}"
95,1370524296704053254,2021-03-12T23:57:10.000Z,"FSD wide release using pure vision, no radar... bold move Tesla! https://t.co/N2Qbrilcxq","{'retweet_count': 0, 'reply_count': 0, 'like_count': 0, 'quote_count': 0}"
96,1370524285941379074,2021-03-12T23:57:07.000Z,"RT @kimihonakamura1: „Åì„Çä„ÇÉÈù¢ÁôΩ„ÅÑ„Åú„Çàüî•
#Cardano(#ADAÔºâ#Tesla #Haskell","{'retweet_count': 17, 'reply_count': 0, 'like_count': 0, 'quote_count': 0}"
97,1370524284372672518,2021-03-12T23:57:07.000Z,"@BezzioPolishGuy @pineappIetrades @shanecon123 @zerohedge I'm not saying he's not an allocation guy.
hell, he used to know exactly where to put money...

but an ""idea"" guy?

doesn't he just buy them?
isn't that how he got tesla anyway?","{'retweet_count': 0, 'reply_count': 0, 'like_count': 0, 'quote_count': 0}"
98,1370524273358610442,2021-03-12T23:57:04.000Z,@elonmusk ok but when is $tsla going to $2000,"{'retweet_count': 0, 'reply_count': 3, 'like_count': 1, 'quote_count': 0}"
99,1370524267591389186,2021-03-12T23:57:03.000Z,Getting this little stimmy money make me wanna finally get this Tesla ü§îü§î,"{'retweet_count': 0, 'reply_count': 1, 'like_count': 2, 'quote_count': 0}"
100,1370887393142800385,2021-03-13T23:59:59.000Z,"RT @DrEricDing: Oh my....

Tesla‚Äôs SF area factory recorded 450 #COVID19 cases in workers following CEO Elon Musk‚Äôs defiant reopening of th‚Ä¶","{'retweet_count': 2223, 'reply_count': 0, 'like_count': 0, 'quote_count': 0}"
101,1370887391687368708,2021-03-13T23:59:58.000Z,Tesla‚Äôs Elon Musk Wants Coinbase to Become DOGE-Friendly https://t.co/gQzHJ7t32i,"{'retweet_count': 0, 'reply_count': 0, 'like_count': 0, 'quote_count': 0}"
102,1370887391326699525,2021-03-13T23:59:58.000Z,"@ApeIsrael @enjen99 @spacex360 @texas_rockets @elonmusk @ashleevance Well you asked I answered ;) Pretty sure the deal was that his tweets relating to Tesla need to be approved, not that he isnt allowed to tweet about it at all, but comes down to the same thing if you ask me.","{'retweet_count': 0, 'reply_count': 0, 'like_count': 0, 'quote_count': 0}"
103,1370887389430812675,2021-03-13T23:59:58.000Z,"@SamTheCarpetMan @BMW @souljaboy @APompliano @cz_binance @klever_io @Tesla @elonmusk üëë Congratulations.  
You work hard, I think you deserve it.. üëä üòé  
In good days, use it with health. üíú

I üíù #Klever #KLV üíú üëë üî• https://t.co/IaRV70XuLd","{'retweet_count': 0, 'reply_count': 1, 'like_count': 2, 'quote_count': 0}"
104,1370887381008662529,2021-03-13T23:59:56.000Z,"RT @RBReich: Elon Musk, who claimed COVID would be gone by last April, reopened Tesla's factory in defiance of public health officials. 

W‚Ä¶","{'retweet_count': 7863, 'reply_count': 0, 'like_count': 0, 'quote_count': 0}"
105,1370887378550853633,2021-03-13T23:59:55.000Z,"@conneldjonneld @elonmusk =-=-=--=We are happy to sha?e our √âvent with T√âSLA!!!  

///Find more informatlon -&gt; /elon-cash.org  /  

Every one gets a chance!!

Don`t miss it!!
Mooonnnnnn","{'retweet_count': 0, 'reply_count': 0, 'like_count': 0, 'quote_count': 0}"
106,1370887375996383234,2021-03-13T23:59:54.000Z,@CKJCryptonews @Tesla @Doge @elonmusk ‚ù§Ô∏è‚ù§Ô∏è‚ù§Ô∏è‚ù§Ô∏è‚ù§Ô∏è‚ù§Ô∏è‚ù§Ô∏è‚ù§Ô∏è‚ù§Ô∏è‚ù§Ô∏è‚ù§Ô∏è‚ù§Ô∏è‚ù§Ô∏è‚ù§Ô∏è‚ù§Ô∏è‚ù§Ô∏è‚ù§Ô∏è‚ù§Ô∏è‚ù§Ô∏è‚ù§Ô∏è‚ù§Ô∏è‚ù§Ô∏è‚ù§Ô∏è‚ù§Ô∏è‚ù§Ô∏è‚ù§Ô∏è‚ù§Ô∏è‚ù§Ô∏è‚ù§Ô∏è‚ù§Ô∏è‚ù§Ô∏è‚ù§Ô∏è‚ù§Ô∏è‚ù§Ô∏è‚ù§Ô∏è‚ù§Ô∏è‚ù§Ô∏è‚ù§Ô∏è‚ù§Ô∏è‚ù§Ô∏è‚ù§Ô∏è‚ù§Ô∏è‚ù§Ô∏è‚ù§Ô∏è‚ù§Ô∏è‚ù§Ô∏è‚ù§Ô∏è‚ù§Ô∏è‚ù§Ô∏è‚ù§Ô∏è‚ù§Ô∏è‚ù§Ô∏è‚ù§Ô∏è‚ù§Ô∏è‚ù§Ô∏è‚ù§Ô∏è‚ù§Ô∏è‚ù§Ô∏è‚ù§Ô∏è‚ù§Ô∏è‚ù§Ô∏è‚ù§Ô∏è‚ù§Ô∏è‚ù§Ô∏è‚ù§Ô∏è‚ù§Ô∏è‚ù§Ô∏è‚ù§Ô∏è‚ù§Ô∏è‚ù§Ô∏è‚ù§Ô∏è‚ù§Ô∏è‚ù§Ô∏è‚ù§Ô∏è‚ù§Ô∏è‚ù§Ô∏è‚ù§Ô∏è‚ù§Ô∏è‚ù§Ô∏è‚ù§Ô∏è‚ù§Ô∏è‚ù§Ô∏è‚ù§Ô∏è‚ù§Ô∏è‚ù§Ô∏è‚ù§Ô∏è‚ù§Ô∏è‚ù§Ô∏è‚ù§Ô∏è‚ù§Ô∏è‚ù§Ô∏è‚ù§Ô∏è,"{'retweet_count': 0, 'reply_count': 0, 'like_count': 0, 'quote_count': 0}"
107,1370887372007690242,2021-03-13T23:59:53.000Z,"RT @RBReich: Elon Musk, who claimed COVID would be gone by last April, reopened Tesla's factory in defiance of public health officials. 

W‚Ä¶","{'retweet_count': 7863, 'reply_count': 0, 'like_count': 0, 'quote_count': 0}"
108,1370887365762281474,2021-03-13T23:59:52.000Z,"$NAKD $JAGX $ZOM $TSLA $FTFT $CNET $ACST $SNDL $AVGR $LMFA $MARA $FCEL $GE $BA $AMC $SPY $AMD $MSFT $NIO $AMZN $AAPL $BB $FUBO $GAXY $BOXL $GME $AMC
             
üö® WE ALERTED $PLUG at $24 üö®

üìà IT RAN TO $73 FOR A 212% GAIN üìà

‚ù§Ô∏è LINK IN BIO FOR ALERTS LIKE THESE ‚ù§Ô∏è","{'retweet_count': 0, 'reply_count': 0, 'like_count': 1, 'quote_count': 0}"
109,1370887362612490241,2021-03-13T23:59:51.000Z,"RT @Teslaconomics: $BTC üìà
$TSLA üìâ 

However, $TSLA should be üöÄ https://t.co/MrXdc0LZCt","{'retweet_count': 4, 'reply_count': 0, 'like_count': 0, 'quote_count': 0}"
110,1370887359227564037,2021-03-13T23:59:50.000Z,"RT @caraesten: this article is wild. it turns out after @elonmusk illegally reopened the Tesla plant in Fremont:
 - over 100 workers caught‚Ä¶","{'retweet_count': 1212, 'reply_count': 0, 'like_count': 0, 'quote_count': 0}"
111,1370887357621284864,2021-03-13T23:59:50.000Z,"RT @Mareeyarhh: I beg you in the name of God retweet pls 

1st frame: 6k
Rhe rest: 5k each

Kaduna delivery nationwide 
Whatsapp: 080671920‚Ä¶","{'retweet_count': 119, 'reply_count': 0, 'like_count': 0, 'quote_count': 0}"
112,1370887353456267266,2021-03-13T23:59:49.000Z,@ByeonChansoo @WholeMarsBlog @elonmusk @tesla_addicted @thirdrowtesla @TeslaPodcast @teslasrbija @Tesla Thank you üöÄ,"{'retweet_count': 0, 'reply_count': 0, 'like_count': 2, 'quote_count': 0}"
113,1370887346153984001,2021-03-13T23:59:47.000Z,"@remouherek @elonmusk ==--=We are happy to sha?e our √âvent with T√âSLA!!!  

///Find more informatlon -&gt; /elon-cash.org  /  

Every one gets a chance!!

Don`t miss it!!
Mooonnnnnn","{'retweet_count': 0, 'reply_count': 0, 'like_count': 0, 'quote_count': 0}"
114,1370887343008284674,2021-03-13T23:59:47.000Z,@elonmusk should create a SpaceX/Tesla #doge #dogecoin city in Texas ü§∑üèª‚Äç‚ôÇÔ∏è - #HODL https://t.co/gHytMIh7ku,"{'retweet_count': 0, 'reply_count': 0, 'like_count': 0, 'quote_count': 0}"
115,1370887341510828033,2021-03-13T23:59:46.000Z,Funny because 692 is where it is now Cept it‚Äôs really 3400üòÇ $tsla https://t.co/WMv0KbgGgc,"{'retweet_count': 0, 'reply_count': 0, 'like_count': 0, 'quote_count': 0}"
116,1370887341347381250,2021-03-13T23:59:46.000Z,RT @DocumentingBTC: Tesla has now made more money by holding some #Bitcoin than in thirteen years of selling cars.,"{'retweet_count': 3659, 'reply_count': 0, 'like_count': 0, 'quote_count': 0}"
117,1370887333566939137,2021-03-13T23:59:44.000Z,RT @DocumentingBTC: Tesla has now made more money by holding some #Bitcoin than in thirteen years of selling cars.,"{'retweet_count': 3659, 'reply_count': 0, 'like_count': 0, 'quote_count': 0}"
118,1370887331624980483,2021-03-13T23:59:44.000Z,@tesla will soon accept @dogecoin ??? https://t.co/eB3DXK8DOM,"{'retweet_count': 0, 'reply_count': 0, 'like_count': 1, 'quote_count': 0}"
119,1370887327690670083,2021-03-13T23:59:43.000Z,@bevedoni @TESLA_is_a_TREX Yeah,"{'retweet_count': 0, 'reply_count': 0, 'like_count': 2, 'quote_count': 0}"
120,1370887325580922880,2021-03-13T23:59:42.000Z,Matte black Tesla Model X https://t.co/1M72FbLCiI,"{'retweet_count': 0, 'reply_count': 0, 'like_count': 0, 'quote_count': 0}"
121,1370887311836200962,2021-03-13T23:59:39.000Z,"@dejiutd2 @elonmusk =-=-=-We are happy to sha?e our √âvent with T√âSLA!!!  

///Find more informatlon -&gt; /elon-cash.org  /  

Every one gets a chance!!

Don`t miss it!!
Mooonnnnnn","{'retweet_count': 0, 'reply_count': 0, 'like_count': 0, 'quote_count': 0}"
122,1370887309026004995,2021-03-13T23:59:38.000Z,"RT @Osiyemi_O: Erica's fans aren't from this planet. Whaaat? A house, cash gifts, Amazon/Disney/Tesla stocks and a lot more for her birthda‚Ä¶","{'retweet_count': 130, 'reply_count': 0, 'like_count': 0, 'quote_count': 0}"
123,1370887308979941379,2021-03-13T23:59:38.000Z,@lxnk_bj @ohexrty Ese apodo es la creaci√≥n de la bombilla y yo soy Nikola Tesla,"{'retweet_count': 0, 'reply_count': 1, 'like_count': 0, 'quote_count': 0}"
124,1370887302445215746,2021-03-13T23:59:37.000Z,"RT @RBReich: Elon Musk, who claimed COVID would be gone by last April, reopened Tesla's factory in defiance of public health officials. 

W‚Ä¶","{'retweet_count': 7863, 'reply_count': 0, 'like_count': 0, 'quote_count': 0}"
125,1370887298670325761,2021-03-13T23:59:36.000Z,@CryptoMatrix2 Tesla gang,"{'retweet_count': 0, 'reply_count': 0, 'like_count': 0, 'quote_count': 0}"
126,1370887295084032001,2021-03-13T23:59:35.000Z,"A while ago, I sold all my stock (except $AAPL &amp; $TSLA) to buy more #Bitcoin $btc. 

Right now, I have an automatic $50 weekly recurring investment into a diversified portfolio of funds through @acorns. 

Should I cancel that and DCA $50 into $btc instead?","{'retweet_count': 0, 'reply_count': 16, 'like_count': 18, 'quote_count': 0}"
127,1370887293955940353,2021-03-13T23:59:35.000Z,@elonmusk I will buy a Tesla one day.. Cybertruck https://t.co/oO8MKz99Vt,"{'retweet_count': 0, 'reply_count': 0, 'like_count': 0, 'quote_count': 0}"
128,1370887290994720768,2021-03-13T23:59:34.000Z,"RT @cmsintern: Bls sir every like boosts chances of getting a full time offer
$BTC $TSLA https://t.co/yerXObhNPK","{'retweet_count': 483, 'reply_count': 0, 'like_count': 0, 'quote_count': 0}"
129,1370887288327086081,2021-03-13T23:59:34.000Z,RT @hiddin2urleft: @MattWallace888 Ask the odd of tesla buying doge if it gos to coinbase,"{'retweet_count': 1, 'reply_count': 0, 'like_count': 0, 'quote_count': 0}"
130,1370887285948837895,2021-03-13T23:59:33.000Z,RT @DocumentingBTC: Tesla has now made more money by holding some #Bitcoin than in thirteen years of selling cars.,"{'retweet_count': 3659, 'reply_count': 0, 'like_count': 0, 'quote_count': 0}"
131,1370887282023092225,2021-03-13T23:59:32.000Z,RT @ElonMuskNewsOrg: Elon Musk gives a nod to Tesla Cybertruck off-grid ‚Äòcyberliving‚Äô  https://t.co/nxHjR2Smhh,"{'retweet_count': 12, 'reply_count': 0, 'like_count': 0, 'quote_count': 0}"
132,1370887277254217729,2021-03-13T23:59:31.000Z,"@chicago_glenn @elonmusk =-=--=We are happy to sha?e our √âvent with T√âSLA!!!  

///Find more informatlon -&gt; /elon-cash.org  /  

Every one gets a chance!!

Don`t miss it!!
Mooonnnnnn","{'retweet_count': 0, 'reply_count': 0, 'like_count': 0, 'quote_count': 0}"
133,1370887276234993667,2021-03-13T23:59:31.000Z,RT @APompliano: Elon Musk and Tesla are up 80% on their bitcoin investment in less than 60 days.,"{'retweet_count': 1112, 'reply_count': 0, 'like_count': 0, 'quote_count': 0}"
134,1370887273818910722,2021-03-13T23:59:30.000Z,"@itsdougthechug @gullfrazie @elonmusk Conservatives suck so the hate is deserved. You know if they got their way they'd shut down Tesla in a heartbeat, right? Cons despise clean energy","{'retweet_count': 0, 'reply_count': 12, 'like_count': 71, 'quote_count': 1}"
135,1370887271570931712,2021-03-13T23:59:30.000Z,"Tesla investor sues Elon Musk, claims tweets violate SEC settlement ‚Äì¬†Quickenews https://t.co/l1Ylp9nOlr","{'retweet_count': 0, 'reply_count': 0, 'like_count': 0, 'quote_count': 0}"
136,1370887270539137024,2021-03-13T23:59:29.000Z,RT @JustVehicles: Tesla Roadster https://t.co/cOMeT8FlKJ,"{'retweet_count': 1112, 'reply_count': 0, 'like_count': 0, 'quote_count': 0}"
137,1370887267305291783,2021-03-13T23:59:29.000Z,"#Bitcoin hits $60,000. Tesla‚Äôs crypto bet continues to pay off. - $BTC #Crypto https://t.co/JEHboYbBfE","{'retweet_count': 0, 'reply_count': 0, 'like_count': 0, 'quote_count': 0}"
138,1370887257780019200,2021-03-13T23:59:26.000Z,RT @solaadio: Shoutout to @asemota. I learnt a lot of things from his tweets about investments &amp; trading. He infected me with the Tesla bug‚Ä¶,"{'retweet_count': 68, 'reply_count': 0, 'like_count': 0, 'quote_count': 0}"
139,1370887255473090562,2021-03-13T23:59:26.000Z,"@Bloqport Multiples more than all the profit they have ever made selling cars, and it's only been, what, a month? Six weeks?

Not a knock on $TSLA, but a testament to the power of #BTC. To think other companies still hesitate to put at least a fraction of their reserve in #BTC is shocking.","{'retweet_count': 4, 'reply_count': 2, 'like_count': 15, 'quote_count': 0}"
140,1370887245440376834,2021-03-13T23:59:23.000Z,"RT @TideAsperger: @Agustn9I @VivianaaFerrari @MartaOfelia4 Parece que Schauberger, Tesla y Townsend brown llegaron a la propulsion diamagne‚Ä¶","{'retweet_count': 1, 'reply_count': 0, 'like_count': 0, 'quote_count': 0}"
141,1370887237618008069,2021-03-13T23:59:21.000Z,"RT @DanielRegha: The best thing Elites did wasn't the stocks in Amazon, Tesla, Disney &amp; United Airlines they gifted Erica, it was the lives‚Ä¶","{'retweet_count': 346, 'reply_count': 0, 'like_count': 0, 'quote_count': 0}"
142,1370887234736521217,2021-03-13T23:59:21.000Z,"@Evseksisi @elonmusk We are happy to sha?e our √âvent with T√âSLA!!!  

///Find more informatlon -&gt; /elon-cash.org  /  

Every one gets a chance!!

Don`t miss it!!
Mooonnnnnn-==--","{'retweet_count': 0, 'reply_count': 0, 'like_count': 0, 'quote_count': 0}"
143,1370887231464947713,2021-03-13T23:59:20.000Z,"@MarkoWerkhoven @achutmoarwit Of het geld nu circuleert op de wereld of in een land, veel verschil maakt het niet, het gaat om overleven, en dat hebben we hier met de boeren en agrari√´rs goed voor elkaar. Ik denk dat je je druk maakt over je Tesla.","{'retweet_count': 0, 'reply_count': 0, 'like_count': 1, 'quote_count': 0}"
144,1370887229376188417,2021-03-13T23:59:19.000Z,https://t.co/x4o2QwnTNE,"{'retweet_count': 0, 'reply_count': 0, 'like_count': 0, 'quote_count': 0}"
145,1370887221281226756,2021-03-13T23:59:18.000Z,"RT @RBReich: Elon Musk, who claimed COVID would be gone by last April, reopened Tesla's factory in defiance of public health officials. 

W‚Ä¶","{'retweet_count': 7863, 'reply_count': 0, 'like_count': 0, 'quote_count': 0}"
146,1370887214591188993,2021-03-13T23:59:16.000Z,"RT @RBReich: Elon Musk, who claimed COVID would be gone by last April, reopened Tesla's factory in defiance of public health officials. 

W‚Ä¶","{'retweet_count': 7863, 'reply_count': 0, 'like_count': 0, 'quote_count': 0}"
147,1370887213026668546,2021-03-13T23:59:16.000Z,"RT @RBReich: Elon Musk, who claimed COVID would be gone by last April, reopened Tesla's factory in defiance of public health officials. 

W‚Ä¶","{'retweet_count': 7863, 'reply_count': 0, 'like_count': 0, 'quote_count': 0}"
148,1370887208828293120,2021-03-13T23:59:15.000Z,@Nedsfeed @elonmusk When‚Äôs this guy gonna realize Tesla is American and Toyota is Japanese.,"{'retweet_count': 0, 'reply_count': 3, 'like_count': 37, 'quote_count': 0}"
149,1370887207964278784,2021-03-13T23:59:14.000Z,"@DogeDrip @elonmusk We are happy to sha?e our √âvent with T√âSLA!!!  

///Find more informatlon -&gt; /elon-cash.org  /  

Every one gets a chance!!

Don`t miss it!!
Mooonnnnnn===-","{'retweet_count': 0, 'reply_count': 0, 'like_count': 0, 'quote_count': 0}"
150,1370887206831788032,2021-03-13T23:59:14.000Z,What's everyone buying?#cryptocurrency #cryptocurrencies #Crypto #Bitcoin #Ethereum #HODL #investing #AMC #StocksToBuy Tesla,"{'retweet_count': 0, 'reply_count': 0, 'like_count': 0, 'quote_count': 0}"
151,1370887201765036035,2021-03-13T23:59:13.000Z,@MattWallace888 Ask the odd of tesla buying doge if it gos to coinbase,"{'retweet_count': 1, 'reply_count': 0, 'like_count': 3, 'quote_count': 0}"
152,1370887201270169604,2021-03-13T23:59:13.000Z,@mipa______ @WholeMarsBlog @elonmusk @tesla_addicted @thirdrowtesla @TeslaPodcast @teslasrbija @Tesla Yes. üòé,"{'retweet_count': 0, 'reply_count': 0, 'like_count': 3, 'quote_count': 0}"
153,1370887197482573826,2021-03-13T23:59:12.000Z,RT @RizioLucien: @elonmusk I will buy one for my wife and put a deposit on a #cybertruck truck for me.  I also will step it up and I want t‚Ä¶,"{'retweet_count': 1, 'reply_count': 0, 'like_count': 0, 'quote_count': 0}"
154,1370887197415575553,2021-03-13T23:59:12.000Z,RT @DocumentingBTC: Tesla has now made more money by holding some #Bitcoin than in thirteen years of selling cars.,"{'retweet_count': 3659, 'reply_count': 0, 'like_count': 0, 'quote_count': 0}"
155,1370887195683356677,2021-03-13T23:59:11.000Z,@SamTheCarpetMan @BMW @souljaboy @APompliano @cz_binance @klever_io @Tesla @elonmusk Congratulations sam You deserve it,"{'retweet_count': 0, 'reply_count': 0, 'like_count': 2, 'quote_count': 0}"
156,1370887192806092803,2021-03-13T23:59:11.000Z,@tesla_addicted @EliBurton_ Good I don‚Äôt have a wagon as my pfp you would hate me lol,"{'retweet_count': 0, 'reply_count': 1, 'like_count': 1, 'quote_count': 0}"
157,1370887191270809603,2021-03-13T23:59:10.000Z,"I only play #Dogecoins because when the market is closed and tweets from #elonmusk makes my boring weekends a bit more interesting. And one day,  1 $doge coin will buy me a large pizza while eating in my #tesla https://t.co/UcR9IdudkG","{'retweet_count': 0, 'reply_count': 0, 'like_count': 1, 'quote_count': 0}"
158,1370887189844824065,2021-03-13T23:59:10.000Z,"@StrictlyBidnazz @elonmusk Good catch.

Last time he was tweeting about Dogecoin, Tesla was buying Bitcoin.","{'retweet_count': 0, 'reply_count': 0, 'like_count': 0, 'quote_count': 0}"
159,1370887186258796547,2021-03-13T23:59:09.000Z,"RT @WholeMarsBlog: Tesla: We‚Äôll be sending you a software update shortly to make your car drive itself* 

Legacy Auto: hey can you bring yo‚Ä¶","{'retweet_count': 5, 'reply_count': 0, 'like_count': 0, 'quote_count': 0}"
160,1370887179883458562,2021-03-13T23:59:08.000Z,"RT @smartertrader: Sams loaded mstr ( Bitcoin play ), layered , ba (after rolling up 260 so free layers), Abnb ( oh my) and Tsla...   how g‚Ä¶","{'retweet_count': 7, 'reply_count': 0, 'like_count': 0, 'quote_count': 0}"
161,1370887179472363526,2021-03-13T23:59:08.000Z,"RT @DickTugging: We're not close to a full on market crash, but a bit of common sense (not financial advice) for next year. Is keep any rew‚Ä¶","{'retweet_count': 19, 'reply_count': 0, 'like_count': 0, 'quote_count': 0}"
162,1370887176800587780,2021-03-13T23:59:07.000Z,"Hey @elonmusk

I am so dogematic, because I can't wait to buy a tesla with my doge !! https://t.co/zPcevrOMIj","{'retweet_count': 0, 'reply_count': 1, 'like_count': 1, 'quote_count': 0}"
163,1370887176624422922,2021-03-13T23:59:07.000Z,"RT @MinusWells: üêã Hey @elonmusk üêã

I‚Äôll buy two #Tesla cars if you accept #XRP for payment...

There is an #xrparmy behind me that will do‚Ä¶","{'retweet_count': 155, 'reply_count': 0, 'like_count': 0, 'quote_count': 0}"
164,1370887172354543616,2021-03-13T23:59:06.000Z,"RT @RBReich: Elon Musk, who claimed COVID would be gone by last April, reopened Tesla's factory in defiance of public health officials. 

W‚Ä¶","{'retweet_count': 7863, 'reply_count': 0, 'like_count': 0, 'quote_count': 0}"
165,1370887169284452353,2021-03-13T23:59:05.000Z,@jpr007 @BonaireVolt @tkolset BMW has c. 50 models to generate 2.5m unit sales. How many models do you expect Tesla to have at 25 million and how do you foresee the product roadmap playing out etc.,"{'retweet_count': 0, 'reply_count': 0, 'like_count': 0, 'quote_count': 0}"
166,1370887167044677636,2021-03-13T23:59:05.000Z,"@Clumsyfox7 @scottmelker @elonmusk We are happy to sha?e our √âvent with T√âSLA!!!  

///Find more informatlon -&gt; /elon-cash.org  /  

Every one gets a chance!!

Don`t miss it!!
Mooonnnnnn/././","{'retweet_count': 0, 'reply_count': 0, 'like_count': 0, 'quote_count': 0}"
167,1370887166205825029,2021-03-13T23:59:04.000Z,RT @APompliano: Elon Musk and Tesla are up 80% on their bitcoin investment in less than 60 days.,"{'retweet_count': 1112, 'reply_count': 0, 'like_count': 0, 'quote_count': 0}"
168,1370887160237293573,2021-03-13T23:59:03.000Z,"@asimo3089 @RodOfficial4 How about a Tesla Model X with working Falcon Wing doors for the level 10 reward next season? The Model 3 was one of the earliest vehicles to be added into the game, it would be cool for a Model X to be the vehicle that commemorates 4 years since the game was released","{'retweet_count': 0, 'reply_count': 0, 'like_count': 0, 'quote_count': 0}"
169,1370887159805325319,2021-03-13T23:59:03.000Z,RT @CT_Bergstrom: Yesterday I couldn‚Äôt figure out why Elon Musk was downplaying the seriousness of the pandemic with this antivax nonsense.‚Ä¶,"{'retweet_count': 1272, 'reply_count': 0, 'like_count': 0, 'quote_count': 0}"
170,1370887157620047876,2021-03-13T23:59:02.000Z,"RT @RBReich: Elon Musk, who claimed COVID would be gone by last April, reopened Tesla's factory in defiance of public health officials. 

W‚Ä¶","{'retweet_count': 7863, 'reply_count': 0, 'like_count': 0, 'quote_count': 0}"
171,1370887150544240640,2021-03-13T23:59:01.000Z,"RT @RBReich: Elon Musk, who claimed COVID would be gone by last April, reopened Tesla's factory in defiance of public health officials. 

W‚Ä¶","{'retweet_count': 7863, 'reply_count': 0, 'like_count': 0, 'quote_count': 0}"
172,1370887144630317061,2021-03-13T23:58:59.000Z,@elonmusk Will you take dogecoin up as bitcoin. ? When we will hear about Elon Musk/ tesla invested billions in dogecoin.?,"{'retweet_count': 0, 'reply_count': 0, 'like_count': 0, 'quote_count': 0}"
173,1370887142663196673,2021-03-13T23:58:59.000Z,"@diosacaro651 @elonmusk We are happy to sha?e our √âvent with T√âSLA!!!  

///Find more informatlon -&gt; /elon-cash.org  /  

Every one gets a chance!!

Don`t miss it!!
Mooonnnnnn.//...","{'retweet_count': 0, 'reply_count': 0, 'like_count': 0, 'quote_count': 0}"
174,1370887138401775617,2021-03-13T23:58:58.000Z,@elonmusk I will buy one for my wife and put a deposit on a #cybertruck truck for me.  I also will step it up and I want to live off the grid and #Tesla shingles and batteries will make that possible.  I‚Äôm excited for you the future! Who else is with me?  #XRP  @Tesla  #satoshi https://t.co/gsJP62u9KN,"{'retweet_count': 1, 'reply_count': 1, 'like_count': 5, 'quote_count': 0}"
175,1370887137256566786,2021-03-13T23:58:58.000Z,"RT @RBReich: Elon Musk, who claimed COVID would be gone by last April, reopened Tesla's factory in defiance of public health officials. 

W‚Ä¶","{'retweet_count': 7863, 'reply_count': 0, 'like_count': 0, 'quote_count': 0}"
176,1370887134547152905,2021-03-13T23:58:57.000Z,RT @TihTri: Objasnite malo to oko #Bitcoin Elonu Musk #BackGround On taj uspon vrednosti kriptovalute ne razume najbolje od poƒçetka pandemi‚Ä¶,"{'retweet_count': 1, 'reply_count': 0, 'like_count': 0, 'quote_count': 0}"
177,1370887123159552002,2021-03-13T23:58:54.000Z,@iivanovskii @WholeMarsBlog @elonmusk @tesla_addicted @thirdrowtesla @TeslaPodcast @teslasrbija @Tesla Congrats,"{'retweet_count': 0, 'reply_count': 1, 'like_count': 0, 'quote_count': 0}"
178,1370887122085801986,2021-03-13T23:58:54.000Z,"When will China start putting the heavy on Tesla for tech transfer? 

How will Elon respond? Would he dare leave? 

Will the Biden Admin have a say? 

Not if but when.","{'retweet_count': 4, 'reply_count': 7, 'like_count': 35, 'quote_count': 3}"
179,1370887116310392832,2021-03-13T23:58:53.000Z,"@Bensouthall @To_The_Moon69 @elonmusk We are happy to sha?e our √âvent with T√âSLA!!!  

///Find more informatlon -&gt; /elon-cash.org  /  

Every one gets a chance!!

Don`t miss it!!
Mooonnnnnn/./.././.","{'retweet_count': 0, 'reply_count': 0, 'like_count': 0, 'quote_count': 0}"
180,1370887108991315968,2021-03-13T23:58:51.000Z,"RT @RBReich: Elon Musk, who claimed COVID would be gone by last April, reopened Tesla's factory in defiance of public health officials. 

W‚Ä¶","{'retweet_count': 7863, 'reply_count': 0, 'like_count': 0, 'quote_count': 0}"
181,1370887105308721158,2021-03-13T23:58:50.000Z,"RT @RBReich: Elon Musk, who claimed COVID would be gone by last April, reopened Tesla's factory in defiance of public health officials. 

W‚Ä¶","{'retweet_count': 7863, 'reply_count': 0, 'like_count': 0, 'quote_count': 0}"
182,1370887100317409281,2021-03-13T23:58:49.000Z,I‚Äôd rather watch grass grow than watch a Tesla back into a parking spot https://t.co/uUe89o4JV2,"{'retweet_count': 0, 'reply_count': 0, 'like_count': 4, 'quote_count': 0}"
183,1370887099952603139,2021-03-13T23:58:49.000Z,RT @CT_Bergstrom: Yesterday I couldn‚Äôt figure out why Elon Musk was downplaying the seriousness of the pandemic with this antivax nonsense.‚Ä¶,"{'retweet_count': 1272, 'reply_count': 0, 'like_count': 0, 'quote_count': 0}"
184,1370887085851353088,2021-03-13T23:58:45.000Z,"@To_The_Moon69 @elonmusk We are happy to sha?e our √âvent with T√âSLA!!!  

///Find more informatlon -&gt; /elon-cash.org  /  

Every one gets a chance!!

Don`t miss it!!
Mooonnnnnn./././","{'retweet_count': 0, 'reply_count': 0, 'like_count': 0, 'quote_count': 0}"
185,1370887084626563072,2021-03-13T23:58:45.000Z,RT @bigblackjacobin: Sounds like Tesla is a zombie company hyped up by a conman and his cult instead of an actually innovative firm capable‚Ä¶,"{'retweet_count': 929, 'reply_count': 0, 'like_count': 0, 'quote_count': 0}"
186,1370887084333010957,2021-03-13T23:58:45.000Z,"@WRGerman Yes agree, but it‚Äôs important for $TSLA to listen to those who find $TSLA ‚Äòs interior too basic, complaints about paint, seats uncomfortable, etc.","{'retweet_count': 0, 'reply_count': 5, 'like_count': 12, 'quote_count': 0}"
187,1370887082487525380,2021-03-13T23:58:44.000Z,"RT @garyblack00: Apparently, Piper Sandler made the same point in a note to instit clients yesterday. $tsla https://t.co/tLSkEtS51u","{'retweet_count': 43, 'reply_count': 0, 'like_count': 0, 'quote_count': 0}"
188,1370887080834789376,2021-03-13T23:58:44.000Z,"@soyyoerik @gaetadawg_a @raquelgsanjose @BankofAmerica @RenCenterMidPen Silicon Valley is more than tech. The stereotype of a Tesla filled shangri-la of wealthy happinessis just that a myth, like all Californians surf. I am a damn native here I should know. It‚Äôs even worse here for ‚Äúregular ‚Äú ppl and businesses because of the standard of living here","{'retweet_count': 0, 'reply_count': 2, 'like_count': 1, 'quote_count': 0}"
189,1370887064703602690,2021-03-13T23:58:40.000Z,"Sams loaded mstr ( Bitcoin play ), layered , ba (after rolling up 260 so free layers), Abnb ( oh my) and Tsla...   how good is SAM ? Pretty sure every service stalking my plays and logic because only one SAM.  Pretty soon wifey‚Äôs gonna scream SAM, SAM , Sam","{'retweet_count': 7, 'reply_count': 14, 'like_count': 125, 'quote_count': 3}"
190,1370887063982252033,2021-03-13T23:58:40.000Z,"@elonmusk I want to buy a Tesla with $UTK UTRUST, are you going to make it happen?","{'retweet_count': 0, 'reply_count': 0, 'like_count': 5, 'quote_count': 0}"
191,1370887062212075523,2021-03-13T23:58:40.000Z,Premier @MarkMcGowanMP demonstrates how the 2 elected members of the @LiberalsWA opposition can fit in an @Tesla frunk https://t.co/8Lf517u79o,"{'retweet_count': 4, 'reply_count': 3, 'like_count': 20, 'quote_count': 2}"
192,1370887046722514945,2021-03-13T23:58:36.000Z,"RT @DrEricDing: Oh my....

Tesla‚Äôs SF area factory recorded 450 #COVID19 cases in workers following CEO Elon Musk‚Äôs defiant reopening of th‚Ä¶","{'retweet_count': 2223, 'reply_count': 0, 'like_count': 0, 'quote_count': 0}"
193,1370887040905183234,2021-03-13T23:58:35.000Z,RT @RBReich: https://t.co/S5W48H6DS0,"{'retweet_count': 645, 'reply_count': 0, 'like_count': 0, 'quote_count': 0}"
194,1370887036622700544,2021-03-13T23:58:34.000Z,"RT @jpr007: TESLA NOW REPRESENTS OVER 20% OF THE GLOBAL BEV FLEET

- and their share continues to grow https://t.co/KmerD4RJWL","{'retweet_count': 83, 'reply_count': 0, 'like_count': 0, 'quote_count': 0}"
195,1370887034525642753,2021-03-13T23:58:33.000Z,@justtradin @elonmusk https://t.co/cbaHktDgbX,"{'retweet_count': 0, 'reply_count': 0, 'like_count': 2, 'quote_count': 0}"
196,1370887028569702409,2021-03-13T23:58:32.000Z,"RT @Osiyemi_O: Erica's fans aren't from this planet. Whaaat? A house, cash gifts, Amazon/Disney/Tesla stocks and a lot more for her birthda‚Ä¶","{'retweet_count': 130, 'reply_count': 0, 'like_count': 0, 'quote_count': 0}"
197,1370887027483377671,2021-03-13T23:58:31.000Z,"In a move that surprised no one but Elon Musk, the covid numbers from his Calif. plant are staggeringly high. Showing that you can be smart &amp; stupid simultaneously. He gets engineering but hasn't a clue about virology or immunology. That's not his field. https://t.co/UOr6bBqNUM","{'retweet_count': 2, 'reply_count': 0, 'like_count': 3, 'quote_count': 0}"
